url,name,address,city,state,phone
http://www.susanallencpa.com/,Results,"îƒˆ3695 Hallowing Point Rd, Prince Frederick, MD 20678",Prince Frederick,MD,î‚°(410) 535-0074
http://www.lombardoayers.com/,Results,"îƒˆ30 Industry Ln, Prince Frederick, MD 20678",Prince Frederick,MD,î‚°(410) 535-1330
https://www.bevardaccounting.com/,Results,"îƒˆ590 Sonoma Ln, Prince Frederick, MD 20678",Prince Frederick,MD,î‚°(410) 414-9138
http://mtoddcpa.com/,Results,"îƒˆ525 Lower Marlboro Rd, Huntingtown, MD 20639",Huntingtown,MD,î‚°(410) 286-2501
https://humphreystaxservices.com/2-uncategorised/11-contact-us,Results,"îƒˆ12870 Mccready Rd, Lusby, MD 20657",Lusby,MD,î‚°(410) 326-0198
http://www.gwcpas.com/,Results,"îƒˆ995 N Prince Frederick Blvd Ste 202, Prince Frederick, MD 20678",Prince Frederick,MD,î‚°(301) 599-9666
https://jbcpa.org/,Results,"îƒˆ11401 Baumann Ct, Dunkirk, MD 20754",Dunkirk,MD,î‚°(866) 865-1040
http://taxdepot.net/,Results,"îƒˆ7922 Southern Maryland Blvd, Owings, MD 20736",Owings,MD,î‚°(301) 327-5390
https://kmaf.cpa/,Results,"îƒˆ1704 Main St, Chester, MD 21619",Chester,MD,î‚°(410) 643-4477
https://splinternetmarketing.com/local-pros/missouri/downtown-kansas-city/tax-time-services-2/,Results,,Port Republic,MD,î‚°(410) 586-8100
